{
  "js\\audio.js": 1775174117.7566335,
  "js\\backgrounds.js": 1776428009.6628728,
  "js\\carte.js": 1775174117.761644,
  "js\\codex.js": 1776447467.8433266,
  "js\\combat.js": 1776412309.3759859,
  "js\\crafting.js": 1776446409.0187988,
  "js\\creation.js": 1776343567.2795987,
  "js\\donjon.js": 1776428319.0492954,
  "js\\fiche.js": 1776446354.696072,
  "js\\inventaire.js": 1776415053.691654,
  "js\\items.js": 1776428046.7414358,
  "js\\magie.js": 1776430027.0555615,
  "js\\main.js": 1776447442.6400957,
  "js\\marchand_fouille.js": 1776430002.8954937,
  "js\\monde.js": 1776429993.9704275,
  "js\\multiplayer.js": 1776446388.8103566,
  "js\\quetes.js": 1776240192.922876,
  "js\\racesData.js": 1774896802.5441296,
  "js\\skills.js": 1775814508.84243,
  "js\\succes.js": 1776446345.387791,
  "js\\technologie.js": 1774799102.5682583,
  "docs\\PATCHNOTES.md": 1776447012.078499,
  "docs\\TODO.md": 1776285407.5545185,
  "docs\\pdf\\carte.pdf": 1602753047.4184897,
  "docs\\pdf\\magies.pdf": 1774794937.4248533,
  "docs\\pdf\\manuel.pdf": 1602752834.018191,
  "docs\\pdf\\races.pdf": 1774795113.7705145,
  "docs\\pdf\\schemas.pdf": 1774794989.0841825,
  "docs\\img\\carte_monde-full.png": 1775174117.1196146,
  "docs\\img\\carte_monde.png": 1774861095.4852145,
  "docs\\img\\fonds\\arbalah.jpg": 1775174117.1366336,
  "docs\\img\\fonds\\cendrebourg.jpg": 1775174117.176698,
  "docs\\img\\fonds\\crash.jpg": 1775174117.1862078,
  "docs\\img\\fonds\\demogre.jpg": 1775174117.1957226,
  "docs\\img\\fonds\\dernholm.jpg": 1775174117.2027338,
  "docs\\img\\fonds\\desespoir.jpg": 1775174117.2222874,
  "docs\\img\\fonds\\eaudor.jpg": 1775174117.2328045,
  "docs\\img\\fonds\\montnoir.jpg": 1775174117.2413201,
  "docs\\img\\fonds\\mort.jpg": 1775174117.2888975,
  "docs\\img\\fonds\\quintara.jpg": 1775174117.308937,
  "docs\\img\\fonds\\racinenoir.jpg": 1775174117.3184566,
  "docs\\img\\fonds\\roue.jpg": 1775174117.3259585,
  "docs\\img\\fonds\\simon.jpg": 1775174117.3329709,
  "docs\\img\\fonds\\tarante.jpg": 1775174117.3424866,
  "docs\\img\\fonds\\thana.jpg": 1775174117.3510013,
  "docs\\img\\fonds\\trist_coll.jpg": 1775174117.3595166,
  "docs\\img\\fonds\\tsenang.jpg": 1775174117.3775406,
  "docs\\img\\fonds\\tulla.jpg": 1775174117.398576,
  "docs\\img\\fonds\\_placeholder.jpg": 1775174117.1291304,
  "docs\\img\\portraits\\placeholder.png": 1774895469.4878612,
  "docs\\img\\portraits\\bedokien\\01.png": 1774878054.478922,
  "docs\\img\\portraits\\bedokien\\02.png": 1774878064.7394378,
  "docs\\img\\portraits\\bedokien\\03.png": 1774878068.8539624,
  "docs\\img\\portraits\\bedokien\\04.png": 1775174117.4756792,
  "docs\\img\\portraits\\demi-elfe\\Femme\\01.png": 1774877740.266201,
  "docs\\img\\portraits\\demi-elfe\\Femme\\02.png": 1774877745.1942365,
  "docs\\img\\portraits\\demi-elfe\\Femme\\03.png": 1774877749.694749,
  "docs\\img\\portraits\\demi-elfe\\Femme\\04.png": 1774877753.3067484,
  "docs\\img\\portraits\\demi-elfe\\Homme\\01.png": 1774877723.0316443,
  "docs\\img\\portraits\\demi-elfe\\Homme\\02.png": 1774877726.2311592,
  "docs\\img\\portraits\\demi-elfe\\Homme\\03.png": 1774877730.6166832,
  "docs\\img\\portraits\\demi-elfe\\Homme\\04.png": 1774877733.4036846,
  "docs\\img\\portraits\\demi-ogre\\Homme\\01.png": 1774877851.685815,
  "docs\\img\\portraits\\demi-ogre\\Homme\\02.png": 1774877856.463324,
  "docs\\img\\portraits\\demi-ogre\\Homme\\03.png": 1774877860.0513947,
  "docs\\img\\portraits\\demi-ogre\\Homme\\04.png": 1774877876.2997627,
  "docs\\img\\portraits\\demi-orque\\Femme\\01.png": 1774877830.1822598,
  "docs\\img\\portraits\\demi-orque\\Femme\\02.png": 1774877831.4122612,
  "docs\\img\\portraits\\demi-orque\\Femme\\03.png": 1774877838.3077824,
  "docs\\img\\portraits\\demi-orque\\Femme\\04.png": 1774877839.4707818,
  "docs\\img\\portraits\\demi-orque\\Homme\\01.png": 1774877809.9323807,
  "docs\\img\\portraits\\demi-orque\\Homme\\02.png": 1774877813.3893807,
  "docs\\img\\portraits\\demi-orque\\Homme\\03.png": 1774877817.8452375,
  "docs\\img\\portraits\\demi-orque\\Homme\\04.png": 1774877820.5622375,
  "docs\\img\\portraits\\elfe\\Femme\\01.png": 1774877703.3350995,
  "docs\\img\\portraits\\elfe\\Femme\\02.png": 1774877707.3756137,
  "docs\\img\\portraits\\elfe\\Femme\\03.png": 1774877710.8236125,
  "docs\\img\\portraits\\elfe\\Femme\\04.png": 1774877714.0271318,
  "docs\\img\\portraits\\elfe\\Homme\\01.png": 1774877684.7705555,
  "docs\\img\\portraits\\elfe\\Homme\\02.png": 1774877688.2660756,
  "docs\\img\\portraits\\elfe\\Homme\\03.png": 1774877691.4730732,
  "docs\\img\\portraits\\elfe\\Homme\\04.png": 1774877695.2365854,
  "docs\\img\\portraits\\elfenoire\\Femme\\01.png": 1774878096.0025065,
  "docs\\img\\portraits\\elfenoire\\Femme\\02.png": 1774878080.8489952,
  "docs\\img\\portraits\\elfenoire\\Femme\\03.png": 1774878638.2636201,
  "docs\\img\\portraits\\elfenoire\\Femme\\04.png": 1775174117.510743,
  "docs\\img\\portraits\\elfenoire\\Homme\\01.png": 1774878138.6741135,
  "docs\\img\\portraits\\elfenoire\\Homme\\02.png": 1774878117.6095817,
  "docs\\img\\portraits\\elfenoire\\Homme\\03.png": 1774878684.39735,
  "docs\\img\\portraits\\elfenoire\\Homme\\04.png": 1774878695.5748627,
  "docs\\img\\portraits\\gnome\\Homme\\01.png": 1774877766.3047755,
  "docs\\img\\portraits\\gnome\\Homme\\02.png": 1774877770.478781,
  "docs\\img\\portraits\\gnome\\Homme\\03.png": 1774877773.7332907,
  "docs\\img\\portraits\\gnome\\Homme\\04.png": 1774877777.4832914,
  "docs\\img\\portraits\\halfelin\\Homme\\01.png": 1774877787.3203213,
  "docs\\img\\portraits\\halfelin\\Homme\\02.png": 1774877792.169322,
  "docs\\img\\portraits\\halfelin\\Homme\\03.png": 1774877795.8068354,
  "docs\\img\\portraits\\halfelin\\Homme\\04.png": 1774877799.5838368,
  "docs\\img\\portraits\\humain\\Femme\\01.png": 1774877609.7684128,
  "docs\\img\\portraits\\humain\\Femme\\02.png": 1774877648.1479516,
  "docs\\img\\portraits\\humain\\Femme\\03.png": 1774877652.464463,
  "docs\\img\\portraits\\humain\\Femme\\04.png": 1774877656.1104612,
  "docs\\img\\portraits\\humain\\Femme\\05.png": 1775174117.5172515,
  "docs\\img\\portraits\\humain\\Femme\\06.png": 1775174117.5518062,
  "docs\\img\\portraits\\humain\\Homme\\01.png": 1774874867.9608703,
  "docs\\img\\portraits\\humain\\Homme\\02.png": 1774874877.711395,
  "docs\\img\\portraits\\humain\\Homme\\03.png": 1774874947.2895253,
  "docs\\img\\portraits\\humain\\Homme\\04.png": 1774874952.3710377,
  "docs\\img\\portraits\\humain\\Homme\\05.png": 1775174117.5678353,
  "docs\\img\\portraits\\nain\\Homme\\01.png": 1774877664.1124902,
  "docs\\img\\portraits\\nain\\Homme\\02.png": 1774877667.2364864,
  "docs\\img\\portraits\\nain\\Homme\\03.png": 1774877670.0880067,
  "docs\\img\\portraits\\nain\\Homme\\04.png": 1774877673.1710112,
  "docs\\img\\portraits\\ogre\\Homme\\01.png": 1774878106.1950634,
  "docs\\img\\portraits\\ogre\\Homme\\02.png": 1774878174.5268738,
  "docs\\img\\portraits\\ogre\\Homme\\03.png": 1775174117.59938,
  "docs\\img\\portraits\\ogre\\Homme\\04.png": 1775174117.6359448,
  "docs\\img\\portraits\\orque\\Homme\\01.png": 1774878003.2578092,
  "docs\\img\\portraits\\orque\\Homme\\02.png": 1775174117.6439586,
  "docs\\img\\portraits\\orque\\Homme\\03.png": 1775174117.7100673,
  "docs\\img\\portraits\\orque\\Homme\\04.png": 1775174117.743609,
  "docs\\audio\\Arcanum.mp3": 1230201254.0,
  "docs\\audio\\Caladon.mp3": 1230201300.0,
  "docs\\audio\\Caladon_Catacombs.mp3": 1230201312.0,
  "docs\\audio\\Cities.mp3": 1230201382.0,
  "docs\\audio\\Combat.mp3": 1230201430.0,
  "docs\\audio\\Combat_start.mp3": 1493018668.0,
  "docs\\audio\\Dungeons.mp3": 1230201324.0,
  "docs\\audio\\DwarvenMusic.mp3": 1230201430.0,
  "docs\\audio\\Interlude.mp3": 1230201390.0,
  "docs\\audio\\Isle_of_Despair.mp3": 1230201364.0,
  "docs\\audio\\Kerghan.mp3": 1230201456.0,
  "docs\\audio\\Mines.mp3": 1230201374.0,
  "docs\\audio\\Qintara.mp3": 1230201422.0,
  "docs\\audio\\Tarant.mp3": 1230201280.0,
  "docs\\audio\\Tarant_Sewers.mp3": 1230201290.0,